doi,title,authors_str,pub_date,journal,abstract,pmid,pmid_link,pmcid,pmcid_link,citation_count,s2_paper_id
10.1126/science.adj4478,Ecological speciation in Darwin's finches: Ghosts of finches future.,Jeffrey Podos; Katie M Schroeder,2024-10-11,Science,"The theory of ecological speciation posits that adaptive divergence among incipient species raises incidental barriers to reproduction, thus catalyzing the emergence of new species. In this study, we conducted an experimental test of this theory in Galápagos finches, a clade in which beaks and mating songs are mechanistically linked. We forecasted the acoustic structure of songs for a set of possible evolutionary futures (successive droughts spurring increasingly large beaks) and, in a field assay, presented resulting song simulations to territorial males. We found that responses to songs dropped off after six simulated drought events, to degrees roughly comparable to drops in response to songs that diverged through cultural drift and acoustic adaptation. Our results support, in Darwin's finches, the feasibility and mechanistic bases of an ecological speciation hypothesis.",39388551,https://pubmed.ncbi.nlm.nih.gov/39388551/,,,,
10.1126/sciadv.adk9315,Adaptive introgression reveals the genetic basis of a sexually selected syndrome in wall lizards.,Nathalie Feiner; Weizhao Yang; Ignas Bunikis; Geoffrey M While; Tobias Uller,2024-04-05,Science advances,"The joint expression of particular colors, morphologies, and behaviors is a common feature of adaptation, but the genetic basis for such ""phenotypic syndromes"" remains poorly understood. Here, we identified a complex genetic architecture associated with a sexually selected syndrome in common wall lizards, by capitalizing on the adaptive introgression of coloration and morphology into a distantly related lineage. Consistent with the hypothesis that the evolution of phenotypic syndromes in vertebrates is facilitated by developmental linkage through neural crest cells, most of the genes associated with the syndrome are involved in neural crest cell regulation. A major locus was a ~400-kb region, characterized by standing structural genetic variation and previously implied in the evolutionary innovation of coloration and beak size in birds. We conclude that features of the developmental and genetic architecture contribute to maintaining trait integration, facilitating the extensive and rapid introgressive spread of suites of sexually selected characters.",38569035,https://pubmed.ncbi.nlm.nih.gov/38569035/,PMC10990284,https://www.ncbi.nlm.nih.gov/pmc/articles/PMC10990284/,,
10.1111/nph.19361,The genomes of Darwin's primroses reveal chromosome-scale adaptive introgression and differential permeability of species boundaries.,Rebecca L Stubbs; Spyros Theodoridis; Emiliano Mora-Carrera; Barbara Keller; Giacomo Potente; Narjes Yousefi; Paul Jay; Étienne Léveillé-Bourret; Rimjhim Roy Choudhury; Ferhat Celep; Judita Kochjarová; Elena Conti,2024-01-01,The New phytologist,"Introgression is an important source of genetic variation that can determine species adaptation to environmental conditions. Yet, definitive evidence of the genomic and adaptive implications of introgression in nature remains scarce. The widespread hybrid zones of Darwin's primroses (Primula elatior, Primula veris, and Primula vulgaris) provide a unique natural laboratory for studying introgression in flowering plants and the varying permeability of species boundaries. Through analysis of 650 genomes, we provide evidence of an introgressed genomic region likely to confer adaptive advantage in conditions of soil toxicity. We also document unequivocal evidence of chloroplast introgression, an important precursor to species-wide chloroplast capture. Finally, we provide the first evidence that the S-locus supergene, which controls heterostyly in primroses, does not introgress in this clade. Our results contribute novel insights into the adaptive role of introgression and demonstrate the importance of extensive genomic and geographical sampling for illuminating the complex nature of species boundaries.",37921572,https://pubmed.ncbi.nlm.nih.gov/37921572/,,,,
10.1126/science.adf6218,Community-wide genome sequencing reveals 30 years of Darwin's finch evolution.,Erik D Enbody; Ashley T Sendell-Price; C Grace Sprehn; Carl-Johan Rubin; Peter M Visscher; B Rosemary Grant; Peter R Grant; Leif Andersson,2023-09-29,Science,"A fundamental goal in evolutionary biology is to understand the genetic architecture of adaptive traits. Using whole-genome data of 3955 of Darwin's finches on the Galápagos Island of Daphne Major, we identified six loci of large effect that explain 45% of the variation in the highly heritable beak size of Geospiza fortis, a key ecological trait. The major locus is a supergene comprising four genes. Abrupt changes in allele frequencies at the loci accompanied a strong change in beak size caused by natural selection during a drought. A gradual change in Geospiza scandens occurred across 30 years as a result of introgressive hybridization with G. fortis. This study shows how a few loci with large effect on a fitness-related trait contribute to the genetic potential for rapid adaptive radiation.",37769091,https://pubmed.ncbi.nlm.nih.gov/37769091/,,,,
10.1098/rspb.2023.0420,Beak morphometry and morphogenesis across avian radiations.,Salem Mosleh; Gary P T Choi; Grace M Musser; Helen F James; Arhat Abzhanov; L Mahadevan,2023-09-27,Proceedings. Biological sciences,"Adaptive avian radiations associated with the diversification of bird beaks into a multitude of forms enabling different functions are exemplified by Darwin's finches and Hawaiian honeycreepers. To elucidate the nature of these radiations, we quantified beak shape and skull shape using a variety of geometric measures that allowed us to collapse the variability of beak shape into a minimal set of geometric parameters. Furthermore, we find that just two measures of beak shape-the ratio of the width to length and the normalized sharpening rate (increase in the transverse beak curvature near the tip relative to that at the base of the beak)-are strongly correlated with diet. Finally, by considering how transverse sections to the beak centreline evolve with distance from the tip, we show that a simple geometry-driven growth law termed 'modified mean curvature flow' captures the beak shapes of Darwin's finches and Hawaiian honeycreepers. A surprising consequence of the simple growth law is that beak shapes that are not allowed based on the developmental programme of the beak are also not observed in nature, suggesting a link between evolutionary morphology and development in terms of growth-driven developmental constraints.",37752837,https://pubmed.ncbi.nlm.nih.gov/37752837/,PMC10523063,https://www.ncbi.nlm.nih.gov/pmc/articles/PMC10523063/,,
10.1093/evolut/qpad160,The fitness landscape of a community of Darwin's finches.,Marc-Olivier Beausoleil; Paola Lorena Carrión; Jeffrey Podos; Carlos Camacho; Julio Rabadán-González; Roxanne Richard; Kristen Lalla; Joost A M Raeymaekers; Sarah A Knutie; Luis F De León; Jaime A Chaves; Dale H Clayton; Jennifer A H Koop; Diana M T Sharpe; Kiyoko M Gotanda; Sarah K Huber; Rowan D H Barrett; Andrew P Hendry,2023-12-02,Evolution; international journal of organic evolution,"Divergent natural selection should lead to adaptive radiation-that is, the rapid evolution of phenotypic and ecological diversity originating from a single clade. The drivers of adaptive radiation have often been conceptualized through the concept of ""adaptive landscapes,"" yet formal empirical estimates of adaptive landscapes for natural adaptive radiations have proven elusive. Here, we use a 17-year dataset of Darwin's ground finches (Geospiza spp.) at an intensively studied site on Santa Cruz (Galápagos) to estimate individual apparent lifespan in relation to beak traits. We use these estimates to model a multi-species fitness landscape, which we also convert to a formal adaptive landscape. We then assess the correspondence between estimated fitness peaks and observed phenotypes for each of five phenotypic modes (G. fuliginosa, G. fortis [small and large morphotypes], G. magnirostris, and G. scandens). The fitness and adaptive landscapes show 5 and 4 peaks, respectively, and, as expected, the adaptive landscape was smoother than the fitness landscape. Each of the five phenotypic modes appeared reasonably close to the corresponding fitness peak, yet interesting deviations were also documented and examined. By estimating adaptive landscapes in an ongoing adaptive radiation, our study demonstrates their utility as a quantitative tool for exploring and predicting adaptive radiation.",37671423,https://pubmed.ncbi.nlm.nih.gov/37671423/,,,,
10.1038/s41467-022-33723-w,Spatiotemporal variations in retrovirus-host interactions among Darwin's finches.,Jason Hill; Mette Lillie; Mats E Pettersson; Carl-Johan Rubin; B Rosemary Grant; Peter R Grant; Leif Andersson; Patric Jern,2022-10-13,Nature communications,"Endogenous retroviruses (ERVs) are inherited remnants of retroviruses that colonized host germline over millions of years, providing a sampling of retroviral diversity across time. Here, we utilize the strength of Darwin's finches, a system synonymous with evolutionary studies, for investigating ERV history, revealing recent retrovirus-host interactions in natural populations. By mapping ERV variation across all species of Darwin's finches and comparing with outgroup species, we highlight geographical and historical patterns of retrovirus-host occurrence, utilizing the system for evaluating the extent and timing of retroviral activity in hosts undergoing adaptive radiation and colonization of new environments. We find shared ERVs among all samples indicating retrovirus-host associations pre-dating host speciation, as well as considerable ERV variation across populations of the entire Darwin's finches' radiation. Unexpected ERV variation in finch species on different islands suggests historical changes in gene flow and selection. Non-random distribution of ERVs along and between chromosomes, and across finch species, suggests association between ERV accumulation and the rapid speciation of Darwin's finches.",36229469,https://pubmed.ncbi.nlm.nih.gov/36229469/,PMC9562234,https://www.ncbi.nlm.nih.gov/pmc/articles/PMC9562234/,,
10.1002/ece3.9399,The terroir of the finch: How spatial and temporal variation shapes phenotypic traits in DARWIN'S finches.,Paola L Carrión; Joost A M Raeymaekers; Luis Fernando De León; Jaime A Chaves; Diana M T Sharpe; Sarah K Huber; Anthony Herrel; Bieke Vanhooydonck; Kiyoko M Gotanda; Jennifer A H Koop; Sarah A Knutie; Dale H Clayton; Jeffrey Podos; Andrew P Hendry,2022-10-01,Ecology and evolution,"The term terroir is used in viticulture to emphasize how the biotic and abiotic characteristics of a local site influence grape physiology and thus the properties of wine. In ecology and evolution, such terroir (i.e., the effect of space or ""site"") is expected to play an important role in shaping phenotypic traits. Just how important is the pure spatial effect of terroir (e.g., differences between sites that persist across years) in comparison to temporal variation (e.g., differences between years that persist across sites), and the interaction between space and time (e.g., differences between sites change across years)? We answer this question by analyzing beak and body traits of 4388 medium ground finches (Geospiza fortis) collected across 10 years at three locations in Galápagos. Analyses of variance indicated that phenotypic variation was mostly explained by site for beak size (η 2 = 0.42) and body size (η 2 = 0.43), with a smaller contribution for beak shape (η 2 = 0.05) and body shape (η 2 = 0.12), but still higher compared to year and site-by-year effects. As such, the effect of terroir seems to be very strong in Darwin's finches, notwithstanding the oft-emphasized interannual variation. However, these results changed dramatically when we excluded data from Daphne Major, indicating that the strong effect of terroir was mostly driven by that particular population. These phenotypic results were largely paralleled in analyses of environmental variables (rainfall and vegetation indices) expected to shape terroir in this system. These findings affirm the evolutionary importance of terroir, while also revealing its dependence on other factors, such as geographical isolation.",36225827,https://pubmed.ncbi.nlm.nih.gov/36225827/,PMC9534727,https://www.ncbi.nlm.nih.gov/pmc/articles/PMC9534727/,,
10.1016/j.ijbiomac.2022.07.203,Intrinsically disordered BMP4 morphogen and the beak of the finch: Co-option of an ancient axial patterning system.,Prakash Kulkarni; Atish Mohanty; Ravi Salgia; Vladimir N Uversky,2022-10-31,International journal of biological macromolecules,"Darwin's finches, with the primary diversity in the shape and size of their beaks, represent an excellent model system to study speciation and adaptive evolution. It is generally held that evolution depends on the natural selection of heritable phenotypic variations originating from the genetic mutations. However, it is now increasingly evident that epigenetic transgenerational inheritance of phenotypic variation can also guide evolutionary change. Several studies have shown that the bone morphogenetic protein BMP4 is a major driver of beak morphology. A recent study explored variability of the morphological, genetic, and epigenetic differences in the adjacent ""urban"" and ""rural"" populations of two species of Darwin's finches on the Galápagos Islands and revealed significant changes in methylation patterns in several genes including those involved in the BMP/TGFß pathway in the sperm DNA compared to erythrocyte DNA. These observations indicated that epigenetic changes caused by environmental fluctuations can be passed on to the offspring. Nonetheless, the mechanism by which dysregulated expression of BMP4 impacts beak morphology remains poorly understood. Here, we show that BMP4 is an intrinsically disordered protein and present a causal a link between epigenetic changes, BMP4 dysregulation and the evolution of the beak of the finch by natural selection.",35931296,https://pubmed.ncbi.nlm.nih.gov/35931296/,,,,
10.1126/sciadv.abm5982,Rapid adaptive radiation of Darwin's finches depends on ancestral genetic modules.,Carl-Johan Rubin; Erik D Enbody; Mariya P Dobreva; Arhat Abzhanov; Brian W Davis; Sangeet Lamichhaney; Mats Pettersson; Ashley T Sendell-Price; C Grace Sprehn; Carlos A Valle; Karla Vasco; Ola Wallerman; B Rosemary Grant; Peter R Grant; Leif Andersson,2022-07-08,Science advances,"Recent adaptive radiations are models for investigating mechanisms contributing to the evolution of biodiversity. An unresolved question is the relative importance of new mutations, ancestral variants, and introgressive hybridization for phenotypic evolution and speciation. Here, we address this issue using Darwin's finches and investigate the genomic architecture underlying their phenotypic diversity. Admixture mapping for beak and body size in the small, medium, and large ground finches revealed 28 loci showing strong genetic differentiation. These loci represent ancestral haplotype blocks with origins predating speciation events during the Darwin's finch radiation. Genes expressed in the developing beak are overrepresented in these genomic regions. Ancestral haplotypes constitute genetic modules for selection and act as key determinants of the unusual phenotypic diversity of Darwin's finches. Such ancestral haplotype blocks can be critical for how species adapt to environmental variability and change.",35857449,https://pubmed.ncbi.nlm.nih.gov/35857449/,PMC9269886,https://www.ncbi.nlm.nih.gov/pmc/articles/PMC9269886/,,
10.1002/ece3.8768,Where did the finch go? Insights from radio telemetry of the medium ground finch (Geospiza fortis).,Marc-Olivier Beausoleil; Carlos Camacho; Julio Rabadán-González; Kristen Lalla; Roxanne Richard; Paola Carrion-Avilés; Andrew P Hendry; Rowan D H Barrett,2022-04-01,Ecology and evolution,"Movement patterns and habitat selection of animals have important implications for ecology and evolution. Darwin's finches are a classic model system for ecological and evolutionary studies, yet their spatial ecology remains poorly studied. We tagged and radio-tracked five (three females, two males) medium ground finches (Geospiza fortis) to examine the feasibility of telemetry for understanding their movement and habitat use. Based on 143 locations collected during a 3-week period, we analyzed for the first time home-range size and habitat selection patterns of finches at El Garrapatero, an arid coastal ecosystem on Santa Cruz Island (Galápagos). The average 95% home range and 50% core area for G. fortis in the breeding season was 20.54 ha ± 4.04 ha SE and 4.03 ha ± 1.11 ha SE, respectively. For most of the finches, their home range covered a diverse set of habitats. Three finches positively selected the dry-forest habitat, while the other habitats seemed to be either negatively selected or simply neglected by the finches. In addition, we noted a communal roosting behavior in an area close to the ocean, where the vegetation is greener and denser than the more inland dry-forest vegetation. We show that telemetry on Darwin's finches provides valuable data to understand the movement ecology of the species. Based on our results, we propose a series of questions about the ecology and evolution of Darwin's finches that can be addressed using telemetry.",35494501,https://pubmed.ncbi.nlm.nih.gov/35494501/,PMC9039628,https://www.ncbi.nlm.nih.gov/pmc/articles/PMC9039628/,,
10.1098/rsos.211198,"Darwin's small and medium ground finches might have taste preferences, but not for human foods.",D Lever; L V Rush; R Thorogood; K M Gotanda,2022-01-01,Royal Society open science,"Urbanization is rapidly changing ecological niches. On the inhabited Galapagos Islands, Darwin's finches consume human-introduced foods preferentially; however, it remains unclear why. Here, we presented pastry with flavour profiles typical of human foods (oily, salty and sweet) to small ground finches (Geospiza fuliginosa) and medium ground finches (Geospiza fortis) to test if latent taste preferences might drive the selection of human foods. If human food flavours were consumed more than a neutral or bitter control only at sites with human foods, then we predicted tastes were acquired after urbanization; however, if no site differences were found then this would indicate latent taste preferences. Contrary to both predictions, we found little evidence that human food flavours were preferred compared with control flavours at any site. Instead, finches showed a weak aversion to oily foods, but only at remote (no human foods present) sites. This was further supported by behavioural responses, with beak-wiping occurring more often at remote sites after finches tasted flavours associated with human foods. Our results suggest, therefore, that while Darwin's finches regularly exposed to human foods might have acquired a tolerance to human food flavours, latent taste preferences are unlikely to have played a major role in their dietary response to increased urbanization.",35116148,https://pubmed.ncbi.nlm.nih.gov/35116148/,PMC8790341,https://www.ncbi.nlm.nih.gov/pmc/articles/PMC8790341/,,
10.1002/ece3.8236,Urbanization alters interactions between Darwin's finches and Tribulus cistoides on the Galápagos Islands.,L Ruth Rivkin; Reagan A Johnson; Jaime A Chaves; Marc T J Johnson,2021-11-01,Ecology and evolution,"Emerging evidence suggests that humans shape the ecology and evolution of species interactions. Islands are particularly susceptible to anthropogenic disturbance due to the fragility of their ecosystems; however, we know little about the susceptibility of species interactions to urbanization on islands. To address this gap, we studied how the earliest stages of urban development affect interactions between Darwin's finches and its key food resource, Tribulus cistoides, in three towns on the Galápagos Islands. We measured variation in mericarp predation rates, mericarp morphology, and finch community composition using population surveys, experimental manipulations, and finch observations conducted in habitats within and outside of each town. We found that both seed and mericarp removal rates were higher in towns than natural habitats. We also found that selection on mericarp size and defense differed between habitats in the survey and experimental populations and that towns supported smaller and less diverse finch communities than natural habitats. Together, our results suggest that even moderate levels of urbanization can alter ecological interactions between Darwin's finches and T. cistoides, leading to modified natural selection on T. cistoides populations. Our study demonstrates that trophic interactions on islands may be susceptible to the anthropogenic disturbance associated with urbanization. Despite containing the highest diversity in the world, studies of urbanization are lacking from the tropics. Our study identified signatures of urbanization on species interactions in a tropical island ecosystem and suggests that changes to the ecology of species interactions has the potential to alter evolution in urban environments.",34824787,https://pubmed.ncbi.nlm.nih.gov/34824787/,PMC8601916,https://www.ncbi.nlm.nih.gov/pmc/articles/PMC8601916/,,
10.1038/s41467-021-27173-z,A supergene underlies linked variation in color and morphology in a Holarctic songbird.,Erik R Funk; Nicholas A Mason; Snæbjörn Pálsson; Tomáš Albrecht; Jeff A Johnson; Scott A Taylor,2021-11-25,Nature communications,"The genetic architecture of a phenotype can have considerable effects on the evolution of a trait or species. Characterizing genetic architecture provides insight into the complexity of a given phenotype and, potentially, the role of the phenotype in evolutionary processes like speciation. We use genome sequences to investigate the genetic basis of phenotypic variation in redpoll finches (Acanthis spp.). We demonstrate that variation in redpoll phenotype is broadly controlled by a ~55-Mb chromosomal inversion. Within this inversion, we find multiple candidate genes related to melanogenesis, carotenoid coloration, and bill shape, suggesting the inversion acts as a supergene controlling multiple linked traits. A latitudinal gradient in ecotype distribution suggests supergene driven variation in color and bill morphology are likely under environmental selection, maintaining supergene haplotypes as a balanced polymorphism. Our results provide a mechanism for the maintenance of ecotype variation in redpolls despite a genome largely homogenized by gene flow.",34824228,https://pubmed.ncbi.nlm.nih.gov/34824228/,PMC8616904,https://www.ncbi.nlm.nih.gov/pmc/articles/PMC8616904/,,
10.1073/pnas.2105957118,"Geometry and dynamics link form, function, and evolution of finch beaks.",Salem Al-Mosleh; Gary P T Choi; Arhat Abzhanov; L Mahadevan,2021-11-16,Proceedings of the National Academy of Sciences of the United States of America,"Darwin's finches are a classic example of adaptive radiation, exemplified by their adaptive and functional beak morphologies. To quantify their form, we carry out a morphometric analysis of the three-dimensional beak shapes of all of Darwin's finches and find that they can be fit by a transverse parabolic shape with a curvature that increases linearly from the base toward the tip of the beak. The morphological variation of beak orientation, aspect ratios, and curvatures allows us to quantify beak function in terms of the elementary theory of machines, consistent with the dietary variations across finches. Finally, to explain the origin of the evolutionary morphometry and the developmental morphogenesis of the finch beak, we propose an experimentally motivated growth law at the cellular level that simplifies to a variant of curvature-driven flow at the tissue level and captures the range of observed beak shapes in terms of a simple morphospace. Altogether, our study illuminates how a minimal combination of geometry and dynamics allows for functional form to develop and evolve.",34750258,https://pubmed.ncbi.nlm.nih.gov/34750258/,PMC8609615,https://www.ncbi.nlm.nih.gov/pmc/articles/PMC8609615/,,
10.1016/j.cub.2021.09.085,A multispecies BCO2 beak color polymorphism in the Darwin's finch radiation.,Erik D Enbody; C Grace Sprehn; Arhat Abzhanov; Huijuan Bi; Mariya P Dobreva; Owen G Osborne; Carl-Johan Rubin; Peter R Grant; B Rosemary Grant; Leif Andersson,2021-12-20,Current biology : CB,"Carotenoid-based polymorphisms are widespread in populations of birds, fish, and reptiles,1 but generally little is known about the factors affecting their maintenance in populations.2 We report a combined field and molecular-genetic investigation of a nestling beak color polymorphism in Darwin's finches. Beaks are pink or yellow, and yellow is recessive.3 Here we show that the polymorphism arose in the Galápagos half a million years ago through a mutation associated with regulatory change in the BCO2 gene and is shared by 14 descendant species. The polymorphism is probably a balanced polymorphism, maintained by ecological selection associated with survival and diet. In cactus finches, the frequency of the yellow genotype is correlated with cactus fruit abundance and greater hatching success and may be altered by introgressive hybridization. Polymorphisms that are hidden as adults, as here, may be far more common than is currently recognized, and contribute to diversification in ways that are yet to be discovered.",34687609,https://pubmed.ncbi.nlm.nih.gov/34687609/,,,,
10.1073/pnas.2107434118,Morphological ghosts of introgression in Darwin's finch populations.,Peter R Grant; B Rosemary Grant,2021-08-03,Proceedings of the National Academy of Sciences of the United States of America,"Many species of plants, animals, and microorganisms exchange genes well after the point of evolutionary divergence at which taxonomists recognize them as species. Genomes contain signatures of past gene exchange and, in some cases, they reveal a legacy of lineages that no longer exist. But genomic data are not available for many organisms, and particularly problematic for reconstructing and interpreting evolutionary history are communities that have been depleted by extinctions. For these, morphology may substitute for genes, as exemplified by the history of Darwin's finches on the Galápagos islands of Floreana and San Cristóbal. Darwin and companions collected seven specimens of a uniquely large form of Geospiza magnirostris in 1835. The populations became extinct in the next few decades, partly due to destruction of Opuntia cactus by introduced goats, whereas Geospiza fortis has persisted to the present. We used measurements of large samples of G. fortis collected for museums in the period 1891 to 1906 to test for unusually large variances and skewed distributions of beak and body size resulting from introgression. We found strong evidence of hybridization on Floreana but not on San Cristóbal. The skew is in the direction of the absent G. magnirostris We estimate introgression influenced 6% of the frequency distribution that was eroded by selection after G. magnirostris became extinct on these islands. The genetic residuum of an extinct species in an extant one has implications for its future evolution, as well as for a conservation program of reintroductions in extinction-depleted communities.",34330836,https://pubmed.ncbi.nlm.nih.gov/34330836/,PMC8346875,https://www.ncbi.nlm.nih.gov/pmc/articles/PMC8346875/,,
10.1371/journal.pone.0237687,Sex identification in embryos and adults of Darwin's finches.,Mariya P Dobreva; Joshua G Lynton-Jenkins; Jaime A Chaves; Masayoshi Tokita; Camille Bonneaud; Arkhat Abzhanov,2021-01-01,PloS one,"Darwin's finches are an iconic example of adaptive radiation and evolution under natural selection. Comparative genetic studies using embryos of Darwin's finches have shed light on the possible evolutionary processes underlying the speciation of this clade. Molecular identification of the sex of embryonic samples is important for such studies, where this information often cannot be inferred otherwise. We tested a fast and simple chicken embryo protocol to extract DNA from Darwin's finch embryos. In addition, we applied minor modifications to two of the previously reported PCR primer sets for CHD1, a gene used for sexing adult passerine birds. The sex of all 29 tested embryos of six species of Darwin's finches was determined successfully by PCR, using both primer sets. Next to embryos, hatchlings and fledglings are also impossible to distinguish visually. This extends to juveniles of sexually dimorphic species which are yet to moult in adult-like plumage and beak colouration. Furthermore, four species of Darwin's finches are monomorphic, males and females looking alike. Therefore, sex assessment in the field can be a source of error, especially with respect to juveniles and mature monomorphic birds outside of the mating season. We caught 567 juveniles and adults belonging to six species of Darwin's finches and only 44% had unambiguous sex-specific morphology. We sexed 363 birds by PCR: individuals sexed based on marginal sex specific morphological traits; and birds which were impossible to classify in the field. PCR revealed that for birds with marginal sex specific traits, sexing in the field produced a 13% error rate. This demonstrates that PCR based sexing can improve field studies on Darwin's finches, especially when individuals with unclear sex-related morphology are involved. The protocols used here provide an easy and reliable way to sex Darwin's finches throughout ontogeny, from embryos to adults.",33667220,https://pubmed.ncbi.nlm.nih.gov/33667220/,PMC7935298,https://www.ncbi.nlm.nih.gov/pmc/articles/PMC7935298/,,
10.1002/ece3.6994,Ecological and morphological determinants of evolutionary diversification in Darwin's finches and their relatives.,Ashley M Reaney; Yanis Bouchenak-Khelladi; Joseph A Tobias; Arkhat Abzhanov,2020-12-01,Ecology and evolution,"Darwin's finches are a classic example of adaptive radiation, a process by which multiple ecologically distinct species rapidly evolve from a single ancestor. Such evolutionary diversification is typically explained by adaptation to new ecological opportunities. However, the ecological diversification of Darwin's finches following their dispersal to Galápagos was not matched on the same archipelago by other lineages of colonizing land birds, which diversified very little in terms of both species number and morphology. To better understand the causes underlying the extraordinary variation in Darwin's finches, we analyze the evolutionary dynamics of speciation and trait diversification in Thraupidae, including Coerebinae (Darwin's finches and relatives) and, their closely related clade, Sporophilinae. For all traits, we observe an early pulse of speciation and morphological diversification followed by prolonged periods of slower steady-state rates of change. The primary exception is the apparent recent increase in diversification rate in Darwin's finches coupled with highly variable beak morphology, a potential key factor explaining this adaptive radiation. Our observations illustrate how the exploitation of ecological opportunity by contrasting means can produce clades with similarly high diversification rate yet strikingly different degrees of ecological and morphological differentiation.",33391699,https://pubmed.ncbi.nlm.nih.gov/33391699/,PMC7771120,https://www.ncbi.nlm.nih.gov/pmc/articles/PMC7771120/,,
10.1093/molbev/msaa289,An Experimental Test of Adaptive Introgression in Locally Adapted Populations of Splash Pool Copepods.,Joanna S Griffiths; Yasmeen Kawji; Morgan W Kelly,2021-04-13,Molecular biology and evolution,"As species struggle to keep pace with the rapidly warming climate, adaptive introgression of beneficial alleles from closely related species or populations provides a possible avenue for rapid adaptation. We investigate the potential for adaptive introgression in the copepod, Tigriopus californicus, by hybridizing two populations with divergent heat tolerance limits. We subjected hybrids to strong heat selection for 15 generations followed by whole-genome resequencing. Utilizing a hybridize evolve and resequence (HER) technique, we can identify loci responding to heat selection via a change in allele frequency. We successfully increased the heat tolerance (measured as LT50) in selected lines, which was coupled with higher frequencies of alleles from the southern (heat tolerant) population. These repeatable changes in allele frequencies occurred on all 12 chromosomes across all independent selected lines, providing evidence that heat tolerance is polygenic. These loci contained genes with lower protein-coding sequence divergence than the genome-wide average, indicating that these loci are highly conserved between the two populations. In addition, these loci were enriched in genes that changed expression patterns between selected and control lines in response to a nonlethal heat shock. Therefore, we hypothesize that the mechanism of heat tolerance divergence is explained by differential gene expression of highly conserved genes. The HER approach offers a unique solution to identifying genetic variants contributing to polygenic traits, especially variants that might be missed through other population genomic approaches.",33306808,https://pubmed.ncbi.nlm.nih.gov/33306808/,PMC8042754,https://www.ncbi.nlm.nih.gov/pmc/articles/PMC8042754/,,
10.1016/j.cub.2020.09.019,The Radiation of Darwin's Giant Daisies in the Galápagos Islands.,Mario Fernández-Mazuecos; Pablo Vargas; Ross A McCauley; David Monjas; Ana Otero; Jaime A Chaves; Juan Ernesto Guevara Andino; Gonzalo Rivas-Torres,2020-12-21,Current biology : CB,"Evolutionary radiations on oceanic islands have fascinated biologists since Darwin's exploration of the Galápagos archipelago [1, 2]. Island radiations can provide key insights for understanding rapid speciation, including evolutionary patterns and the processes behind them. However, lack of resolution of species relationships has historically hindered their investigation, particularly in the plant kingdom [3-5]. Here, we report a time-calibrated phylogenomic analysis based on genotyping-by-sequencing data [6] of the 15 species of Scalesia (Darwin's giant daisies), an iconic and understudied plant radiation endemic to the Galápagos Islands and considered the plant counterpart to Darwin's finches [1, 7-9]. Results support a Pliocene to early Pleistocene divergence between Scalesia and the closest South American relatives, and rapid diversification of extant Scalesia species from a common ancestor dated to the Middle Pleistocene. Major evolutionary patterns in Scalesia include the following: (1) lack of compliance with the ""progression rule"" hypothesis, in which earlier diverging lineages are expected to occupy older islands; (2) a predominance of within-island speciation over between-island speciation; and (3) repeated convergent evolution of potentially adaptive traits and habitat preferences on different islands during the course of diversification. Massive sequencing provided the essential framework for investigating evolutionary and ecological processes in the complex natural laboratory of the Galápagos, thereby advancing our understanding of island plant radiations.",33007244,https://pubmed.ncbi.nlm.nih.gov/33007244/,,,,
10.1038/s41559-020-1183-9,Female-biased gene flow between two species of Darwin's finches.,Sangeet Lamichhaney; Fan Han; Matthew T Webster; B Rosemary Grant; Peter R Grant; Leif Andersson,2020-07-01,Nature ecology & evolution,"The mosaic nature of hybrid genomes is well recognized, but little is known of how they are shaped initially by patterns of breeding, selection, recombination and differential incompatibilities. On the small Galápagos island of Daphne Major, two species of Darwin's finches, Geospiza fortis and G. scandens, hybridize rarely and back-cross bidirectionally with little or no loss of fitness under conditions of plentiful food. We used whole-genome sequences to compare genomes from periods before and after successful interbreeding followed by back-crossing. We inferred extensive introgression from G. fortis to G. scandens on autosomes and mitochondria but not on the Z chromosome. The unique combination of long-term field observations and genomic data shows that the reduction of gene flow for Z-linked loci primarily reflects female-biased gene flow, arising from a hybrid-male disadvantage in competition for high-quality territories and mates, rather than from genetic incompatibilities at Z-linked loci.",32367030,https://pubmed.ncbi.nlm.nih.gov/32367030/,,,,
10.1073/pnas.2000388117,Triad hybridization via a conduit species.,Peter R Grant; B Rosemary Grant,2020-04-07,Proceedings of the National Academy of Sciences of the United States of America,"Introgressive hybridization can affect the evolution of populations in several important ways. It may retard or reverse divergence of species, enable the development of novel traits, enhance the potential for future evolution by elevating levels of standing variation, create new species, and alleviate inbreeding depression in small populations. Most of what is known of contemporary hybridization in nature comes from the study of pairs of species, either coexisting in the same habitat or distributed parapatrically and separated by a hybrid zone. More rarely, three species form an interbreeding complex (triad), reported in vertebrates, insects, and plants. Often, one species acts as a genetic link or conduit for the passage of genes (alleles) between two others that rarely, if ever, hybridize. Demographic and genetic consequences are unknown. Here we report results of a long-term study of interbreeding Darwin's finches on Daphne Major island, Galápagos. Geospiza fortis acted as a conduit for the passage of genes between two others that have never been observed to interbreed on Daphne: Geospiza fuliginosa, a rare immigrant, and Geospiza scandens, a resident. Microsatellite gene flow from G. fortis into G. scandens increased in frequency during 30 y of favorable ecological conditions, resulting in genetic and morphological convergence. G. fortis, G. scandens, and the derived dihybrids and trihybrids experienced approximately equal fitness. Especially relevant to young adaptive radiations, where species differ principally in ecology and behavior, these findings illustrate how new combinations of genes created by hybridization among three species can enhance the potential for evolutionary change.",32213581,https://pubmed.ncbi.nlm.nih.gov/32213581/,PMC7148562,https://www.ncbi.nlm.nih.gov/pmc/articles/PMC7148562/,,
10.1371/journal.pone.0226432,"An inter-island comparison of Darwin's finches reveals the impact of habitat, host phylogeny, and island on the gut microbiome.",Wesley T Loo; Rachael Y Dudaniec; Sonia Kleindorfer; Colleen M Cavanaugh,2019-01-01,PloS one,"Darwin's finch species in the Galapagos Archipelago are an iconic adaptive radiation that offer a natural experiment to test for the various factors that influence gut microbiome composition. The island of Floreana has the longest history of human settlement within the archipelago and offers an opportunity to compare island and habitat effects on Darwin's finch microbiomes. In this study, we compare gut microbiomes in Darwin's finch species on Floreana Island to test for effects of host phylogeny, habitat (lowlands, highlands), and island (Floreana, Santa Cruz). We used 16S rRNA Illumina sequencing of fecal samples to assess the gut microbiome composition of Darwin's finches, complemented by analyses of stable isotope values and foraging data to provide ecological context to the patterns observed. Overall bacterial composition of the gut microbiome demonstrated co-phylogeny with Floreana hosts, recapitulated the effect of habitat and diet, and showed differences across islands. The finch phylogeny uniquely explained more variation in the microbiome than did foraging data. Finally, there were interaction effects for island × habitat, whereby the same Darwin's finch species sampled on two islands differed in microbiome for highland samples (highland finches also had different diets across islands) but not lowland samples (lowland finches across islands had comparable diet). Together, these results corroborate the influence of phylogeny, age, diet, and sampling location on microbiome composition and emphasize the necessity for comprehensive sampling given the multiple factors that influence the gut microbiome in Darwin's finches, and by extension, in animals broadly.",31834908,https://pubmed.ncbi.nlm.nih.gov/31834908/,PMC6910665,https://www.ncbi.nlm.nih.gov/pmc/articles/PMC6910665/,,
10.1098/rspb.2019.2290,Temporally varying disruptive selection in the medium ground finch (Geospiza fortis).,Marc-Olivier Beausoleil; Luke O Frishkoff; Leithen K M'Gonigle; Joost A M Raeymaekers; Sarah A Knutie; Luis F De León; Sarah K Huber; Jaime A Chaves; Dale H Clayton; Jennifer A H Koop; Jeffrey Podos; Diana M T Sharpe; Andrew P Hendry; Rowan D H Barrett,2019-12-04,Proceedings. Biological sciences,"Disruptive natural selection within populations exploiting different resources is considered to be a major driver of adaptive radiation and the production of biodiversity. Fitness functions, which describe the relationships between trait variation and fitness, can help to illuminate how this disruptive selection leads to population differentiation. However, a single fitness function represents only a particular selection regime over a single specified time period (often a single season or a year), and therefore might not capture longer-term dynamics. Here, we build a series of annual fitness functions that quantify the relationships between phenotype and apparent survival. These functions are based on a 9-year mark-recapture dataset of over 600 medium ground finches (Geospiza fortis) within a population bimodal for beak size. We then relate changes in the shape of these functions to climate variables. We find that disruptive selection between small and large beak morphotypes, as reported previously for 2 years, is present throughout the study period, but that the intensity of this selection varies in association with the harshness of environment. In particular, we find that disruptive selection was strongest when precipitation was high during the dry season of the previous year. Our results shed light on climatic factors associated with disruptive selection in Darwin's finches, and highlight the role of temporally varying fitness functions in modulating the extent of population differentiation.",31795872,https://pubmed.ncbi.nlm.nih.gov/31795872/,PMC6939253,https://www.ncbi.nlm.nih.gov/pmc/articles/PMC6939253/,,
10.1073/pnas.1913534116,Hybridization increases population variation during adaptive radiation.,Peter R Grant; B Rosemary Grant,2019-11-12,Proceedings of the National Academy of Sciences of the United States of America,"Adaptive radiations are prominent components of the world's biodiversity. They comprise many species derived from one or a small number of ancestral species in a geologically short time that have diversified into a variety of ecological niches. Several authors have proposed that introgressive hybridization has been important in the generation of new morphologies and even new species, but how that happens throughout evolutionary history is not known. Interspecific gene exchange is expected to have greatest impact on variation if it occurs after species have diverged genetically and phenotypically but before genetic incompatibilities arise. We use a dated phylogeny to infer that populations of Darwin's finches in the Galápagos became more variable in morphological traits through time, consistent with the hybridization hypothesis, and then declined in variation after reaching a peak. Some species vary substantially more than others. Phylogenetic inferences of hybridization are supported by field observations of contemporary hybridization. Morphological effects of hybridization have been investigated on the small island of Daphne Major by documenting changes in hybridizing populations of Geospiza fortis and Geospiza scandens over a 30-y period. G. scandens showed more evidence of admixture than G. fortis Beaks of G. scandens became progressively blunter, and while variation in length increased, variation in depth decreased. These changes imply independent effects of introgression on 2, genetically correlated, beak dimensions. Our study shows how introgressive hybridization can alter ecologically important traits, increase morphological variation as a radiation proceeds, and enhance the potential for future evolution in changing environments.",31659024,https://pubmed.ncbi.nlm.nih.gov/31659024/,PMC6859339,https://www.ncbi.nlm.nih.gov/pmc/articles/PMC6859339/,,
10.1111/eva.12721,Urbanization erodes niche segregation in Darwin's finches.,Luis F De León; Diana M T Sharpe; Kiyoko M Gotanda; Joost A M Raeymaekers; Jaime A Chaves; Andrew P Hendry; Jeffrey Podos,2019-08-01,Evolutionary applications,"Urbanization is influencing patterns of biological evolution in ways that are only beginning to be explored. One potential effect of urbanization is in modifying ecological resource distributions that underlie niche differences and that thus promote and maintain species diversification. Few studies have assessed such modifications, or their potential evolutionary consequences, in the context of ongoing adaptive radiation. We study this effect in Darwin's finches on the Galápagos Islands, by quantifying feeding preferences and diet niche partitioning across sites with different degrees of urbanization. We found higher finch density in urban sites and that feeding preferences and diets at urban sites skew heavily toward human food items. Furthermore, we show that finches at urban sites appear to be accustomed to the presence of people, compared with birds at sites with few people. In addition, we found that human behavior via the tendency to feed birds at non-urban but tourist sites is likely an important driver of finch preferences for human foods. Site differences in diet and feeding behavior have resulted in larger niche breadth within finch species and wider niche overlap between species at the urban sites. Both factors effectively minimize niche differences that would otherwise facilitate interspecies coexistence. These findings suggest that both human behavior and ongoing urbanization in Galápagos are starting to erode ecological differences that promote and maintain adaptive radiation in Darwin's finches. Smoothing of adaptive landscapes underlying diversification represents a potentially important yet underappreciated consequence of urbanization. Overall, our findings accentuate the fragility of the initial stages of adaptive radiation in Darwin's finches and raise concerns about the fate of the Galápagos ecosystems in the face of increasing urbanization.",31417618,https://pubmed.ncbi.nlm.nih.gov/31417618/,PMC6691225,https://www.ncbi.nlm.nih.gov/pmc/articles/PMC6691225/,,
10.1098/rspb.2019.0461,"Introduced parasite changes host phenotype, mating signal and hybridization risk: Philornis downsi effects on Darwin's finch song.",Sonia Kleindorfer; Georgina Custance; Katharina J Peters; Frank J Sulloway,2019-06-12,Proceedings. Biological sciences,"Introduced parasites that alter their host's mating signal can change the evolutionary trajectory of a species through sexual selection. Darwin's Camarhynchus finches are threatened by the introduced fly Philornis downsi that is thought to have accidentally arrived on the Galapagos Islands during the 1960s. The P. downsi larvae feed on the blood and tissue of developing finches, causing on average approximately 55% in-nest mortality and enlarged naris size in survivors. Here we test if enlarged naris size is associated with song characteristics and vocal deviation in the small tree finch ( Camarhynchus parvulus), the critically endangered medium tree finch ( C. pauper) and the recently observed hybrid tree finch group ( Camarhynchus hybrids). Male C. parvulus and C. pauper with enlarged naris size produced song with lower maximum frequency and greater vocal deviation, but there was no significant association in hybrids. Less vocal deviation predicted faster pairing success in both parental species. Finally, C. pauper males with normal naris size produced species-specific song, but male C. pauper with enlarged naris size had song that was indistinguishable from other tree finches. When parasites disrupt host mating signal, they may also facilitate hybridization. Here we show how parasite-induced naris enlargement affects vocal quality, resulting in blurred species mating signals.",31185871,https://pubmed.ncbi.nlm.nih.gov/31185871/,PMC6571467,https://www.ncbi.nlm.nih.gov/pmc/articles/PMC6571467/,,
10.1098/rsos.181616,Genetic admixture predicts parasite intensity: evidence for increased hybrid performance in Darwin's tree finches.,Katharina J Peters; Christine Evans; J David Aguirre; Sonia Kleindorfer,2019-04-01,Royal Society open science,"Hybridization can increase adaptive potential when enhanced genetic diversity or novel genetic combinations confer a fitness advantage, such as in the evolution of anti-parasitic mechanisms. Island systems are especially susceptible to invasive parasites due to the lack of defence mechanisms that usually coevolve in long-standing host-parasite relationships. We test if host genetic admixture affects parasite numbers in a novel host-parasite association on the Galápagos Islands. Specifically, we compare the number of Philornis downsi in nests with offspring sired by Darwin's small tree finch (Camarhynchus parvulus), Darwin's medium tree finch (C. pauper) and hybrids of these two species. The number of P. downsi decreased with an increasing genetic admixture of the attending male, and nests of hybrid males had approximately 50% fewer parasites than C. parvulus nests, and approximately 60% fewer parasites than C. pauper nests. This finding indicates that hybridization in this system could be favoured by selection and reveal a mechanism to combat an invasive parasite.",31183118,https://pubmed.ncbi.nlm.nih.gov/31183118/,PMC6502384,https://www.ncbi.nlm.nih.gov/pmc/articles/PMC6502384/,,
10.1111/mec.15088,Human activity can influence the gut microbiota of Darwin's finches in the Galapagos Islands.,Sarah A Knutie; Jaime A Chaves; Kiyoko M Gotanda,2019-05-01,Molecular ecology,"The gut microbiota of animal hosts can be influenced by environmental factors, such as unnatural food items that are introduced by humans. Over the past 30 years, human presence has grown exponentially in the Galapagos Islands, which are home to endemic Darwin's finches. Consequently, humans have changed the environment and diet of Darwin's finches, which in turn, could affect their gut microbiota. In this study, we compared the gut microbiota of two species of Darwin's finches, small ground finches (Geospiza fuliginosa) and medium ground finches (Geospiza fortis), across sites with and without human presence, where finches prefer human-processed and natural food, respectively. We predicted that: (a) finch microbiota would differ between sites with and without humans due to differences in diet, and (b) gut microbiota of each finch species would be most similar where finches have the highest niche overlap (areas with humans) compared to the lowest niche overlap (areas without humans). We found that gut bacterial community structure differed across sites and host species. Gut bacterial diversity was most distinct between the two species at the site with human presence compared to the site without human presence, which contradicted our predictions. Within host species, medium ground finches had lower bacterial diversity at the site with human presence compared to the site without human presence and bacterial diversity of small ground finches did not differ between sites. Our results show that the gut microbiota of Darwin's finches is affected differently across sites with varying human presence.",31021499,https://pubmed.ncbi.nlm.nih.gov/31021499/,,,,
10.1038/s41467-018-07374-9,Growth factor gene IGF1 is associated with bill size in the black-bellied seedcracker Pyrenestes ostrinus.,Bridgett M vonHoldt; Rebecca Y Kartzinel; Christian D Huber; Vinh Le Underwood; Ying Zhen; Kristen Ruegg; Kirk E Lohmueller; Thomas B Smith,2018-11-19,Nature communications,"Pyrenestes finches are unique among birds in showing a non-sex-determined polymorphism in bill size and are considered a textbook example of disruptive selection. Morphs breed randomly with respect to bill size, and differ in diet and feeding performance relative to seed hardness. Previous breeding experiments are consistent with the polymorphism being controlled by a single genetic factor. Here, we use genome-wide pooled sequencing to explore the underlying genetic basis of bill morphology and identify a single candidate region. Targeted resequencing reveals extensive linkage disequilibrium across a 300 Kb region containing the insulin-like growth factor 1 (IGF1) gene, with a single 5-million-year-old haplotype associating with phenotypic dominance of the large-billed morph. We find no genetic similarities controlling bill size in the well-studied Darwin's finches (Geospiza). Our results show how a single genetic factor may control bill size and provide a foundation for future studies to examine this phenomenon within and among avian species.",30451848,https://pubmed.ncbi.nlm.nih.gov/30451848/,PMC6242981,https://www.ncbi.nlm.nih.gov/pmc/articles/PMC6242981/,,
10.1093/sysbio/syy073,Species Limits and Phylogenomic Relationships of Darwin's Finches Remain Unresolved: Potential Consequences of a Volatile Ecological Setting.,Robert M Zink; Hernán Vázquez-Miranda,2019-03-01,Systematic biology,"Island biotas have become paradigms for illustrating many evolutionary processes. The fauna of the Galapagos Islands includes several taxa that have been focal points for evolutionary studies. Perhaps their most famous inhabitants, Darwin's finches, represent a go-to icon when thinking about how species originate and adapt to the environment. However, unlike other adaptive radiations, past morphological and molecular studies of Darwin's finches have yielded inconsistent hypotheses of species limits and phylogenetic relationships. Expecting that idiosyncrasies of prior data and analytic methods explained different proposed classifications, we were surprised to observe that three new phylogenetic hypotheses derived mostly from the same genomics data were topologically inconsistent. We found that the differences between some of these genomics trees were as great as one would expect between two random trees with the same number of taxa. Thus, the phylogeny of Darwin's finches remains unresolved, as it has for more than a century. A component of phylogenetic uncertainty comes from unclear species limits, under any species concept, in the ground finches (Geospiza) and tree finches (Camarhynchus). We suggest that past authors should have tested the species limits of Lack, rather than uncritically accepting them. In fact, the impressive amount of genomics data do not provide unambiguous hypotheses of the number of species of Geospiza or Camarhynchus, although they imply greater species diversity than Lack's taxonomy. We suggest that insufficient sampling of species populations across islands (35.6% for morphometrics and 20.4% for genomics) prevents accurate diagnoses of species limits. However, it is unknown whether samples from a greater number of islands might result in bridging differences between species, or reveal many new ones. We conclude that attempts to interpret patterns of variation among the finches under standard evolutionary paradigms have obscured some major messages, most specifically the ongoing reciprocal interactions between geographic isolation and lineage divergence, and dispersal and gene flow caused by the volatile ecological conditions in the islands. Although the finches provide textbook examples of natural selection, better understanding of species limits and a robust phylogenetic hypothesis are required to corroborate past hypotheses of speciation and adaptive radiation in the finches of the Galapagos.",30371872,https://pubmed.ncbi.nlm.nih.gov/30371872/,,,,
10.1073/pnas.1813662115,Role of sexual imprinting in assortative mating and premating isolation in Darwin's finches.,Peter R Grant; B Rosemary Grant,2018-11-13,Proceedings of the National Academy of Sciences of the United States of America,"Global biodiversity is being degraded at an unprecedented rate, so it is important to preserve the potential for future speciation. Providing for the future requires understanding speciation as a contemporary ecological process. Phylogenetically young adaptive radiations are a good choice for detailed study because diversification is ongoing. A key question is how incipient species become reproductively isolated from each other. Barriers to gene exchange have been investigated experimentally in the laboratory and in the field, but little information exists from the quantitative study of mating patterns in nature. Although the degree to which genetic variation underlying mate-preference learning is unknown, we provide evidence that two species of Darwin's finches imprint on morphological cues of their parents and mate assortatively. Statistical evidence of presumed imprinting is stronger for sons than for daughters and is stronger for imprinting on fathers than on mothers. In combination, morphology and species-specific song learned from the father constitute a barrier to interbreeding. The barrier becomes stronger the more the species diverge morphologically and ecologically. It occasionally breaks down, and the species hybridize. Hybridization is most likely to happen when species are similar to each other in adaptive morphological traits, e.g., body size and beak size and shape. Hybridization can lead to the formation of a new species reproductively isolated from the parental species as a result of sexual imprinting. Conservation of sufficiently diverse natural habitat is needed to sustain a large sample of extant biota and preserve the potential for future speciation.",30348758,https://pubmed.ncbi.nlm.nih.gov/30348758/,PMC6243256,https://www.ncbi.nlm.nih.gov/pmc/articles/PMC6243256/,,
10.1186/s40168-018-0555-8,The gut of the finch: uniqueness of the gut microbiome of the Galápagos vampire finch.,Alice J Michel; Lewis M Ward; Shana K Goffredi; Katherine S Dawson; Daniel T Baldassarre; Alec Brenner; Kiyoko M Gotanda; John E McCormack; Sean W Mullin; Ariel O'Neill; Gabrielle S Tender; J Albert C Uy; Kristie Yu; Victoria J Orphan; Jaime A Chaves,2018-09-19,Microbiome,"BACKGROUND: Darwin's finches are a clade of 19 species of passerine birds native to the Galápagos Islands, whose biogeography, specialized beak morphologies, and dietary choices-ranging from seeds to blood-make them a classic example of adaptive radiation. While these iconic birds have been intensely studied, the composition of their gut microbiome and the factors influencing it, including host species, diet, and biogeography, has not yet been explored.
RESULTS: We characterized the microbial community associated with 12 species of Darwin's finches using high-throughput 16S rRNA sequencing of fecal samples from 114 individuals across nine islands, including the unusual blood-feeding vampire finch (Geospiza septentrionalis) from Darwin and Wolf Islands. The phylum-level core gut microbiome for Darwin's finches included the Firmicutes, Gammaproteobacteria, and Actinobacteria, with members of the Bacteroidetes at conspicuously low abundance. The gut microbiome was surprisingly well conserved across the diversity of finch species, with one exception-the vampire finch-which harbored bacteria that were either absent or extremely rare in other finches, including Fusobacterium, Cetobacterium, Ureaplasma, Mucispirillum, Campylobacter, and various members of the Clostridia-bacteria known from the guts of carnivorous birds and reptiles. Complementary stable isotope analysis of feathers revealed exceptionally high δ15N isotope values in the vampire finch, resembling top marine predators. The Galápagos archipelago is also known for extreme wet and dry seasons, and we observed a significant seasonal shift in the gut microbial community of five additional finch species sampled during both seasons.
CONCLUSIONS: This study demonstrates the overall conservatism of the finch gut microbiome over short (< 1 Ma) divergence timescales, except in the most extreme case of dietary specialization, and elevates the evolutionary importance of seasonal shifts in driving not only species adaptation, but also gut microbiome composition.",30231937,https://pubmed.ncbi.nlm.nih.gov/30231937/,PMC6146768,https://www.ncbi.nlm.nih.gov/pmc/articles/PMC6146768/,,
10.1038/s41437-017-0016-3,The genetic architecture of ecological adaptation: intraspecific variation in host plant use by the lepidopteran crop pest Chloridea virescens.,Sara J Oppenheim; Fred Gould; Keith R Hopper,2018-03-01,Heredity,"Intraspecific variation in ecologically important traits is a cornerstone of Darwin's theory of evolution by natural selection. The evolution and maintenance of this variation depends on genetic architecture, which in turn determines responses to natural selection. Some models suggest that traits with complex architectures are less likely to respond to selection than those with simple architectures, yet rapid divergence has been observed in such traits. The simultaneous evolutionary lability and genetic complexity of host plant use in the Lepidopteran subfamily Heliothinae suggest that architecture may not constrain ecological adaptation in this group. Here we investigate the response of Chloridea virescens, a generalist that feeds on diverse plant species, to selection for performance on a novel host, Physalis angulata (Solanaceae). P. angulata is the preferred host of Chloridea subflexa, a narrow specialist on the genus Physalis. In previous experiments, we found that the performance of C. subflexa on P. angulata depends on many loci of small effect distributed throughout the genome, but whether the same architecture would be involved in the generalist's adoption of P. angulata was unknown. Here we report a rapid response to selection in C. virescens for performance on P. angulata, and establish that the genetic architecture of intraspecific variation is quite similar to that of the interspecific differences in terms of the number, distribution, and effect sizes of the QTL involved. We discuss the impact of genetic architecture on the ability of Heliothine moths to respond to varying ecological selection pressures.",29238078,https://pubmed.ncbi.nlm.nih.gov/29238078/,PMC5836587,https://www.ncbi.nlm.nih.gov/pmc/articles/PMC5836587/,,
10.1126/science.aao4593,Rapid hybrid speciation in Darwin's finches.,Sangeet Lamichhaney; Fan Han; Matthew T Webster; Leif Andersson; B Rosemary Grant; Peter R Grant,2018-01-12,Science,"Homoploid hybrid speciation in animals has been inferred frequently from patterns of variation, but few examples have withstood critical scrutiny. Here we report a directly documented example, from its origin to reproductive isolation. An immigrant Darwin's finch to Daphne Major in the Galápagos archipelago initiated a new genetic lineage by breeding with a resident finch (Geospiza fortis). Genome sequencing of the immigrant identified it as a G. conirostris male that originated on Española >100 kilometers from Daphne Major. From the second generation onward, the lineage bred endogamously and, despite intense inbreeding, was ecologically successful and showed transgressive segregation of bill morphology. This example shows that reproductive isolation, which typically develops over hundreds of generations, can be established in only three.",29170277,https://pubmed.ncbi.nlm.nih.gov/29170277/,,,,
10.1186/s12862-017-1025-9,Epigenetic variation between urban and rural populations of Darwin's finches.,Sabrina M McNew; Daniel Beck; Ingrid Sadler-Riggleman; Sarah A Knutie; Jennifer A H Koop; Dale H Clayton; Michael K Skinner,2017-08-24,BMC evolutionary biology,"BACKGROUND: The molecular basis of evolutionary change is assumed to be genetic variation. However, growing evidence suggests that epigenetic mechanisms, such as DNA methylation, may also be involved in rapid adaptation to new environments. An important first step in evaluating this hypothesis is to test for the presence of epigenetic variation between natural populations living under different environmental conditions.
RESULTS: In the current study we explored variation between populations of Darwin's finches, which comprise one of the best-studied examples of adaptive radiation. We tested for morphological, genetic, and epigenetic differences between adjacent ""urban"" and ""rural"" populations of each of two species of ground finches, Geospiza fortis and G. fuliginosa, on Santa Cruz Island in the Galápagos. Using data collected from more than 1000 birds, we found significant morphological differences between populations of G. fortis, but not G. fuliginosa. We did not find large size copy number variation (CNV) genetic differences between populations of either species. However, other genetic variants were not investigated. In contrast, we did find dramatic epigenetic differences between the urban and rural populations of both species, based on DNA methylation analysis. We explored genomic features and gene associations of the differentially DNA methylated regions (DMR), as well as their possible functional significance.
CONCLUSIONS: In summary, our study documents local population epigenetic variation within each of two species of Darwin's finches.",28835203,https://pubmed.ncbi.nlm.nih.gov/28835203/,PMC5569522,https://www.ncbi.nlm.nih.gov/pmc/articles/PMC5569522/,,
10.1111/jeb.13167,Females drive asymmetrical introgression from rare to common species in Darwin's tree finches.,K J Peters; S A Myers; R Y Dudaniec; J A O'Connor; S Kleindorfer,2017-11-01,Journal of evolutionary biology,"The consequences of hybridization for biodiversity depend on the specific ecological and evolutionary context in which it occurs. Understanding patterns of gene flow among hybridizing species is crucial for determining the evolutionary trajectories of species assemblages. The recently discovered hybridization between two species of Darwin's tree finches (Camarhynchus parvulus and C. pauper) on Floreana Island, Galápagos, presents an exciting opportunity to investigate the mechanisms causing hybridization and its potential evolutionary consequences under conditions of recent habitat disturbance and the introduction of invasive pathogens. In this study, we combine morphological and genetic analysis with pairing observations to explore the extent, direction and drivers of hybridization and to test whether hybridization patterns are a result of asymmetrical pairing preference driven by females of the rarer species (C. pauper). We found asymmetrical introgression from the critically endangered, larger-bodied C. pauper to the common, smaller-bodied C. parvulus, which was associated with a lack of selection against heterospecific males by C. pauper females. Examination of pairing data showed that C. parvulus females paired assortatively, whereas C. pauper females showed no such pattern. This study shows how sex-specific drivers can determine the direction of gene flow in hybridizing species. Furthermore, our results suggest the existence of a hybrid swarm comprised of C. parvulus and hybrid birds. We discuss the influence of interspecific abundance differences and susceptibility to the invasive parasite Philornis downsi on the observed hybridization and recommend that the conservation of this iconic species group should be managed jointly rather than species-specific.",28833876,https://pubmed.ncbi.nlm.nih.gov/28833876/,,,,
10.1111/mec.14166,The adaptive genomic landscape of beak morphology in Darwin's finches.,Lucinda P Lawson; Kenneth Petren,2017-10-01,Molecular ecology,"Beak shape in Darwin's ground finches (Geospiza) is emblematic of natural selection and adaptive radiation, yet our understanding of the genetic basis of beak shape variation, and thus the genetic target of natural selection, is still evolving. Here we reveal the genomic architecture of beak shape variation using genomewide comparisons of four closely related and hybridizing species across 13 islands subject to parallel natural selection. Pairwise contrasts among species were used to identify a large number of genomic loci that are consistently related to species differences across a complex landscape. These loci are associated with hundreds of genes that have enriched GO categories significantly associated with development. One genomic region of particular interest is a section of Chromosome 1A with many candidate genes and increased linkage. The distinct, pointed beak shape of the cactus finch is linked to an excess of intermediate frequency alleles and increased heterozygosity in significant SNPs, but not across the rest of the genome. Alleles associated with pointier beaks among species were associated with pointier-beaked populations within each species, thus establishing a common basis for natural selection, species divergence and adaptive radiation. The adaptive genomic landscape for Darwin's finches mirrors theoretical expectations based on morphological variation. The implication that a large number of genes are actively maintained to facilitate beak variation across parallel populations with documented interspecies admixture challenges our understanding of evolutionary processes in the wild.",28475225,https://pubmed.ncbi.nlm.nih.gov/28475225/,,,,
10.1101/gr.212522.116,"Gene flow, ancient polymorphism, and ecological adaptation shape the genomic landscape of divergence among Darwin's finches.",Fan Han; Sangeet Lamichhaney; B Rosemary Grant; Peter R Grant; Leif Andersson; Matthew T Webster,2017-06-01,Genome research,"Genomic comparisons of closely related species have identified ""islands"" of locally elevated sequence divergence. Genomic islands may contain functional variants involved in local adaptation or reproductive isolation and may therefore play an important role in the speciation process. However, genomic islands can also arise through evolutionary processes unrelated to speciation, and examination of their properties can illuminate how new species evolve. Here, we performed scans for regions of high relative divergence (FST) in 12 species pairs of Darwin's finches at different genetic distances. In each pair, we identify genomic islands that are, on average, elevated in both relative divergence (FST) and absolute divergence (dXY). This signal indicates that haplotypes within these genomic regions became isolated from each other earlier than the rest of the genome. Interestingly, similar numbers of genomic islands of elevated dXY are observed in sympatric and allopatric species pairs, suggesting that recent gene flow is not a major factor in their formation. We find that two of the most pronounced genomic islands contain the ALX1 and HMGA2 loci, which are associated with variation in beak shape and size, respectively, suggesting that they are involved in ecological adaptation. A subset of genomic island regions, including these loci, appears to represent anciently diverged haplotypes that evolved early during the radiation of Darwin's finches. Comparative genomics data indicate that these loci, and genomic islands in general, have exceptionally low recombination rates, which may play a role in their establishment.",28442558,https://pubmed.ncbi.nlm.nih.gov/28442558/,PMC5453315,https://www.ncbi.nlm.nih.gov/pmc/articles/PMC5453315/,,
10.1111/mec.13868,Population genomics fits the bill: genetics of adaptive beak variation in Darwin's finches.,Nicholas I Mundy,2016-11-01,Molecular ecology,"Darwin's finches are an iconic case of adaptive radiation. The size and shape of their beaks are key adaptive traits related to trophic niche that vary among species and evolve rapidly when the food supply changes. Building on recent studies, a paper in this issue of Molecular Ecology (Chaves et al. ) investigates the genomic basis of beak size variation in sympatric populations of three species of ground finch (Geospiza) by performing a Genome-wide association study using RAD-seq data. The authors find that variation in a small number of markers can explain a substantial proportion of variation in beak size. Some of these markers are in genomic regions that have previously been implicated in beak size variation in Darwin's finches, whereas other markers have not, suggesting both conservation and divergence in the genetic basis of morphological evolution. Overall, the study confirms that loci of large effect are involved in beak size variation, which helps to explain the high heritability and rapid response to selection of this trait. The independent identification of regions containing HMGA2 and DLK1 loci in a GWAS makes them prime targets for functional studies. The study also shows that under the right conditions, RAD-seq can be a viable alternative to genome sequencing for GWAS in wild vertebrate populations.",27785886,https://pubmed.ncbi.nlm.nih.gov/27785886/,,,,
10.1111/mec.13743,Genomic variation at the tips of the adaptive radiation of Darwin's finches.,Jaime A Chaves; Elizabeth A Cooper; Andrew P Hendry; Jeffrey Podos; Luis F De León; Joost A M Raeymaekers; W Owen MacMillan; J Albert C Uy,2016-11-01,Molecular ecology,"Adaptive radiation unfolds as selection acts on the genetic variation underlying functional traits. The nature of this variation can be revealed by studying the tips of an ongoing adaptive radiation. We studied genomic variation at the tips of the Darwin's finch radiation; specifically focusing on polymorphism within, and variation among, three sympatric species of the genus Geospiza. Using restriction site-associated DNA (RAD-seq), we characterized 32 569 single-nucleotide polymorphisms (SNPs), from which 11 outlier SNPs for beak and body size were uncovered by a genomewide association study (GWAS). Principal component analysis revealed that these 11 SNPs formed four statistically linked groups. Stepwise regression then revealed that the first PC score, which included 6 of the 11 top SNPs, explained over 80% of the variation in beak size, suggesting that selection on these traits influences multiple correlated loci. The two SNPs most strongly associated with beak size were near genes associated with beak morphology across deeper branches of the radiation: delta-like 1 homologue (DLK1) and high-mobility group AT-hook 2 (HMGA2). Our results suggest that (i) key adaptive traits are associated with a small fraction of the genome (11 of 32 569 SNPs), (ii) SNPs linked to the candidate genes are dispersed throughout the genome (on several chromosomes), and (iii) micro- and macro-evolutionary variation (roots and tips of the radiation) involve some shared and some unique genomic regions.",27363308,https://pubmed.ncbi.nlm.nih.gov/27363308/,,,,
,Galápagos mockingbirds tolerate introduced parasites that affect Darwin's finches.,Sarah A Knutie; Jeb P Owen; Sabrina M McNew; Andrew W Bartlow; Elena Arriero; Jordan M Herman; Emily DiBlasi; Michael Thompson; Jennifer A H Koop; Dale H Clayton,2016-04-01,Ecology,"Introduced parasites threaten native host species that lack effective defenses. Such parasites increase the risk of extinction, particularly in small host populations like those on islands. If some host species are tolerant to introduced parasites, this could amplify the risk of the parasite to vulnerable host species. Recently, the introduced parasitic nest fly Philornis downsi has been implicated in the decline of Darwin's finch populations in the Galápagos Islands. In some years, 100% of finch nests fail due to P. downsi; however, other common host species nesting near Darwin's finches, such as the endemic Galápagos mockingbird (Mimus parvulus), appear to be less affected by P. downsi. We compared effects of P. downsi on mockingbirds and medium ground finches (Geospiza fortis) on Santa Cruz Island in the Galápagos. We experimentally manipulated the abundance of P. downsi in nests of mockingbirds and finches to measure the direct effect of the parasite on the reproductive success of each species of host. We also compared immunological and behavioral responses by each species of host to the fly. Although nests of the two host species had similar parasite densities, flies decreased the fitness of finches but not mockingbirds. Neither host species had a significant antibody-mediated immune response to P. downsi. Moreover, finches showed no significant increase in begging, parental provisioning, or plasma glucose levels in response to the flies. In contrast, parasitized mockingbird nestlings begged more than nonparasitized mockingbird nestlings. Greater begging was correlated with increased parental provisioning behavior, which appeared to compensate for parasite damage. The results of our study suggest that finches are negatively affected by P. downsi because they do not have such behavioral mechanisms for energy compensation. In contrast, mockingbirds are capable of compensation, making them tolerant hosts, and a possible indirect threat to Darwin's finches.",27220210,https://pubmed.ncbi.nlm.nih.gov/27220210/,,,,
10.1126/science.aad8786,A beak size locus in Darwin's finches facilitated character displacement during a drought.,Sangeet Lamichhaney; Fan Han; Jonas Berglund; Chao Wang; Markus Sällman Almén; Matthew T Webster; B Rosemary Grant; Peter R Grant; Leif Andersson,2016-04-22,Science,"Ecological character displacement is a process of morphological divergence that reduces competition for limited resources. We used genomic analysis to investigate the genetic basis of a documented character displacement event in Darwin's finches on Daphne Major in the Galápagos Islands: The medium ground finch diverged from its competitor, the large ground finch, during a severe drought. We discovered a genomic region containing the HMGA2 gene that varies systematically among Darwin's finch species with different beak sizes. Two haplotypes that diverged early in the radiation were involved in the character displacement event: Genotypes associated with large beak size were at a strong selective disadvantage in medium ground finches (selection coefficient s = 0.59). Thus, a major locus has apparently facilitated a rapid ecological diversification in the adaptive radiation of Darwin's finches.",27102486,https://pubmed.ncbi.nlm.nih.gov/27102486/,,,,
10.1890/15-0119.1,Galápagos mockingbirds tolerate introduced parasites that affect Darwin's finches.,Sarah A Knutie; Jeb P Owen; Sabrina M McNew; Andrew W Bartlow; Elena Arriero; Jordan M Herman; Emily DiBlasi; Michael Thompson; Jennifer A H Koop; Dale H Clayton,2016-04-01,Ecology,"Introduced parasites threaten native host species that lack effective defenses. Such parasites increase the risk of extinction, particularly in small host populations like those on islands. If some host species are tolerant to introduced parasites, this could amplify the risk of the parasite to vulnerable host species. Recently, the introduced parasitic nest fly Philornis downsi has been implicated in the decline of Darwin's finch populations in the Galápagos Islands. In some years, 100% of finch nests fail due to P. downsi; however, other common host species nesting near Darwin's finches, such as the endemic Galápagos mockingbird (Mimus parvulus), appear to be less affected by P. downsi. We compared effects of P. downsi on mockingbirds and medium ground finches (Geospiza fortis) on Santa Cruz Island in the Galápagos. We experimentally manipulated the abundance of P. downsi in nests of mockingbirds and finches to measure the direct effect of the parasite on the reproductive success of each species of host. We also compared immunological and behavioral responses by each species of host to the fly. Although nests of the two host species had similar parasite densities, flies decreased the fitness of finches but not mockingbirds. Neither host species had a significant antibody-mediated immune response to P. downsi. Moreover, finches showed no significant increase in begging, parental provisioning, or plasma glucose levels in response to the flies. In contrast, parasitized mockingbird nestlings begged more than nonparasitized mockingbird nestlings. Greater begging was correlated with increased parental provisioning behavior, which appeared to compensate for parasite damage. The results of our study suggest that finches are negatively affected by P. downsi because they do not have such behavioral mechanisms for energy compensation. In contrast, mockingbirds are capable of compensation, making them tolerant hosts, and a possible indirect threat to Darwin's finches.",28792593,https://pubmed.ncbi.nlm.nih.gov/28792593/,,,,
10.1111/1365-2664.12575,An introduced parasitic fly may lead to local extinction of Darwin's finch populations.,Jennifer A H Koop; Peter S Kim; Sarah A Knutie; Fred Adler; Dale H Clayton,2016-04-01,The Journal of applied ecology,"Introduced pathogens and other parasites are often implicated in host population level declines and extinctions. However, such claims are rarely supported by rigorous real-time data. Indeed, the threat of introduced parasites often goes unnoticed until after host populations have declined severely. The recent introduction of the parasitic nest fly, Philornis downsi, to the Galápagos Islands provides an opportunity to monitor the current impact of an invasive parasite on endemic land bird populations, including Darwin's finches.In this paper we present a population viability model to explore the potential long-term effect of P. downsi on Darwin's finch populations. The goal of our study was to determine whether P. downsi has the potential to drive host populations to extinction and whether management efforts are likely to be effective.Our model is based on data from five years of experimental field work documenting the effect of P. downsi on the reproductive success of medium ground finch Geospiza fortis populations on Santa Cruz Island. Under two of the three scenarios tested, the model predicted medium ground finches are at risk of extinction within the next century.However, sensitivity analyses reveal that even a modest reduction in the prevalence of the parasite could improve the stability of finch populations. We discuss the practicality of several management options aimed at achieving this goal.Synthesis and applications. Our study demonstrates the predicted high risk of local extinction of an abundant host species, the medium ground finch Geospiza fortis due to an introduced parasite, Philornis downsi. However, our study further suggests that careful management practices aimed at reducing parasite prevalence have the potential to significantly lower the risk of host species extinction.",26980922,https://pubmed.ncbi.nlm.nih.gov/26980922/,PMC4788638,https://www.ncbi.nlm.nih.gov/pmc/articles/PMC4788638/,,
10.1002/bies.201500079,Adaptive radiation of Darwin's finches revisited using whole genome sequencing.,Markus Sällman Almén; Sangeet Lamichhaney; Jonas Berglund; B Rosemary Grant; Peter R Grant; Matthew T Webster; Leif Andersson,2016-01-01,"BioEssays : news and reviews in molecular, cellular and developmental biology","We recently used genome sequencing to study the evolutionary history of the Darwin's finches. A prominent feature of our data was that different polymorphic sites in the genome tended to indicate different genetic relationships among these closely related species. Such patterns are expected in recently diverged genomes as a result of incomplete lineage sorting. However, we uncovered conclusive evidence that these patterns have also been influenced by interspecies hybridisation, a process that has likely played an important role in the radiation of Darwin's finches. A major discovery was that segregation of two haplotypes at the ALX1 locus underlies variation in beak shape among the Darwin's finches, and that differences between the two haplotypes in a 240 kb region in blunt and pointed beaked birds involve both coding and regulatory changes. As we review herein, the evolution of such adaptive haplotypes comprising multiple causal changes appears to be an important mechanism contributing to the evolution of biodiversity.",26606649,https://pubmed.ncbi.nlm.nih.gov/26606649/,,,,
10.1002/bies.201500047,Divergence and gene flow among Darwin's finches: A genome-wide view of adaptive radiation driven by interspecies allele sharing.,Daniela H Palmer; Marcus R Kronforst,2015-09-01,"BioEssays : news and reviews in molecular, cellular and developmental biology","A recent analysis of the genomes of Darwin's finches revealed extensive interspecies allele sharing throughout the history of the radiation and identified a key locus responsible for morphological evolution in this group. The radiation of Darwin's finches on the Galápagos archipelago has long been regarded as an iconic study system for field ecology and evolutionary biology. Coupled with an extensive history of field work, these latest findings affirm the increasing acceptance of introgressive hybridization, or gene flow between species, as a significant contributor to adaptive evolution. Here, we review and discuss these findings in relation to both classical work on Darwin's finches and contemporary work showing similar evolutionary signatures in other biological systems. The continued unification of genomic data with field biology promises to further elucidate the molecular basis of adaptation in Darwin's finches and well beyond.",26200327,https://pubmed.ncbi.nlm.nih.gov/26200327/,PMC4659394,https://www.ncbi.nlm.nih.gov/pmc/articles/PMC4659394/,,
10.1111/brv.12127,Sisyphean evolution in Darwin's finches.,Bailey D McKay; Robert M Zink,2015-08-01,Biological reviews of the Cambridge Philosophical Society,"The trajectory of speciation involves geographic isolation of ancestral populations followed by divergence by natural selection, genetic drift or sexual selection. Once started, the process may experience fits and starts, as sometimes diverging populations intermittently reconnect. In theory populations might cycle between stages of differentiation and never attain species status, a process we refer to as Sisyphean evolution. We argue that the six putative ground finch species (genus Geospiza) of the Galápagos Islands represent a dramatic example of Sisyphean evolution that has been confused with the standard model of speciation. The dynamic environment of the Galápagos, closely spaced islands, and frequent dispersal and introgression have prevented the completion of the speciation process. We suggest that morphological clusters represent locally adapted ecomorphs, which might mimic, and have been confused with, species, but these ecomorphs do not form separate gene pools and are ephemeral in space and time. Thus the pattern of morphological, behavioural and genetic variation supports recognition of a single species of Geospiza, which we suggest should be recognized as Darwin's ground finch (Geospiza magnirostris). We argue that instead of providing an icon of insular speciation and adaptive radiation, which is featured in nearly every textbook on evolutionary biology, Darwin's ground finch represents a potentially more interesting phenomenon, one of transient morphs trapped in an unpredictable cycle of Sisyphean evolution. Instead of revealing details of the origin of species, the mechanisms underlying the transient occurrence of ecomorphs provide one of the best illustrations of the antagonistic effects of natural selection and introgression.",25040800,https://pubmed.ncbi.nlm.nih.gov/25040800/,,,,
